id,Collection date,year,month,day,Location,country,state,latitude,longitude,Gender,Patient age,Nextclade,Lineage
Sample1,2021-12-16,2021,12,16,Asia,India,Delhi,28.6273928,77.1716954,Male,13,21L (Omicron),BA.2
Sample2,2021-12-16,2021,12,16,Asia,India,Delhi,28.6273928,77.1716954,Male,9,21L (Omicron),BA.2
Sample3,2021-12-22,2021,12,22,Asia,India,Delhi,28.6273928,77.1716954,Female,43,21L (Omicron),BA.2
Sample4,2021-12-22,2021,12,22,Asia,India,Delhi,28.6273928,77.1716954,Male,31,21L (Omicron),BA.2
Sample5,2021-12-22,2021,12,22,Asia,India,Delhi,28.6273928,77.1716954,Male,53,21L (Omicron),BA.2
Sample6,2021-12-22,2021,12,22,Asia,India,Delhi,28.6273928,77.1716954,Male,7,21L (Omicron),BA.2
Sample7,2021-12-22,2021,12,22,Asia,India,Delhi,28.6273928,77.1716954,Male,55,21L (Omicron),BA.2
Sample8,2021-12-22,2021,12,22,Asia,India,Delhi,28.6273928,77.1716954,Male,14,21L (Omicron),BA.2
Sample9,2021-12-23,2021,12,23,Asia,India,Delhi,28.6273928,77.1716954,Female,28,21L (Omicron),BA.2
Sample10,2021-12-23,2021,12,23,Asia,India,Delhi,28.6273928,77.1716954,Male,39,21L (Omicron),BA.2
Sample11,2021-11-23,2021,11,23,Asia,India,Delhi,28.702159,77.113624,Male,33,21K (Omicron),BA.1
Sample12,2021-12-21,2021,12,21,Asia,India,Delhi,28.723838,77.058656,Male,32,21K (Omicron),BA.1
Sample13,2021-12-22,2021,12,22,Asia,India,Delhi,28.694028,77.040791,Male,30,21K (Omicron),BA.1
Sample14,2021-12-20,2021,12,20,Asia,India,Delhi,28.669932,77.100569,Female,5,21K (Omicron),BA.1
Sample15,2021-12-17,2021,12,17,Asia,India,Delhi,28.671438,77.07652,Male,88,21K (Omicron),BA.1
Sample16,2021-12-17,2021,12,17,Asia,India,Delhi,28.734375,77.161034,Female,79,21K (Omicron),BA.1
Sample17,2021-12-16,2021,12,16,Asia,India,Delhi,28.759058,77.043196,Female,56,21K (Omicron),BA.1
Sample18,2021-12-29,2021,12,29,Asia,India,Delhi,28.70517,77.041137,Male,61,21K (Omicron),BA.1
Sample19,2021-12-28,2021,12,28,Asia,India,Delhi,28.702159,77.186116,Female,75,21K (Omicron),BA.1
Sample20,2021-12-28,2021,12,28,Asia,India,Delhi,28.766281,77.08716,Male,27,21K (Omicron),BA.1
